{"indexes":[{"v":{"$numberInt":"2"},"key":{"_id":{"$numberInt":"1"}},"name":"_id_"},{"v":{"$numberInt":"2"},"key":{"transactionId":{"$numberInt":"1"}},"name":"transactionId_1","background":true,"unique":true},{"v":{"$numberInt":"2"},"key":{"userId":{"$numberInt":"1"},"eventId":{"$numberInt":"1"}},"name":"userId_1_eventId_1","background":true},{"v":{"$numberInt":"2"},"key":{"status":{"$numberInt":"1"}},"name":"status_1","background":true}],"uuid":"0eb88b4535314f9798965c0247889663","collectionName":"payments","type":"collection"}