{"indexes":[{"v":{"$numberInt":"2"},"key":{"_id":{"$numberInt":"1"}},"name":"_id_"},{"v":{"$numberInt":"2"},"key":{"userId":{"$numberInt":"1"}},"name":"userId_1","background":true},{"v":{"$numberInt":"2"},"key":{"eventId":{"$numberInt":"1"}},"name":"eventId_1","background":true},{"v":{"$numberInt":"2"},"key":{"paymentStatus":{"$numberInt":"1"}},"name":"paymentStatus_1","background":true},{"v":{"$numberInt":"2"},"key":{"userId":{"$numberInt":"1"},"eventId":{"$numberInt":"1"}},"name":"userId_1_eventId_1","background":true,"unique":true},{"v":{"$numberInt":"2"},"key":{"paymentStatus":{"$numberInt":"1"},"createdAt":{"$numberInt":"-1"}},"name":"paymentStatus_1_createdAt_-1","background":true}],"uuid":"234ec2d624d744a18b6a88d5d2338e00","collectionName":"paymentreceipts","type":"collection"}