{"indexes":[{"v":{"$numberInt":"2"},"key":{"_id":{"$numberInt":"1"}},"name":"_id_"},{"v":{"$numberInt":"2"},"key":{"receiptId":{"$numberInt":"1"}},"name":"receiptId_1","background":true,"unique":true},{"v":{"$numberInt":"2"},"key":{"paymentId":{"$numberInt":"1"}},"name":"paymentId_1","background":true,"unique":true},{"v":{"$numberInt":"2"},"key":{"userId":{"$numberInt":"1"}},"name":"userId_1","background":true}],"uuid":"b82925d10831448996343035e03e4013","collectionName":"receipts","type":"collection"}